{"mean": [47.707343412526996, 40.707343412526996, 0.0, 0.0, 1.7748380129589634, 0.7586393088552916, 1.3050755939524838, 2.0, 5.814254859611231, 0.0, 0.0, 0.0, 0.0, 0.0, 4.153694289475341, 0.0, 4.376656309095729, 0.03131749460043196, 0.025377969762419007, 0.0, 0.0, 0.7748380129589633, 0.18216685529741858, 0.0, 0.0, 0.0, 0.0, 0.0, 0.0, 148319.57397408207, 20.958963282937365, 0.7791576673866091, 1.0075593952483801, 5.192764578833693, 91.8914686825054, 13.211123110151188, 0.07451403887688984, 0.26511879049676024, 123.18520518358531, 1.1911447084233262, 5.160479946585098, 0.15064794816414687, 0.1765658747300216, 0.025377969762419007, 15.176565874730022, 0.18142548596112312, 0.22408207343412526, 0.004859611231101512], "scale": [18.400620061413335, 18.400620061413335, 1.0, 1.0, 0.9883521015144218, 1.695679901970031, 0.9728030266332476, 1.0, 4.329198150488296, 1.0, 1.0, 1.0, 1.0, 1.0, 0.2701047676855335, 1.0, 0.23974714161032495, 0.1741743641652924, 0.15727024007470947, 1.0, 1.0, 0.9883521015144219, 0.1312734121273871, 1.0, 1.0, 1.0, 1.0, 1.0, 1.0, 244574.296608467, 35.697575414891865, 2.236632415139817, 1.8472871605096084, 13.924863615072017, 252.83698637002593, 34.83387333570582, 0.2626055918809483, 0.4413964402012041, 274.7332256729659, 1.4582628895660035, 0.3889725141800536, 0.6384753464842196, 0.38130088724109196, 0.15727024007470947, 33.62930994770537, 0.3853703141199299, 0.4951197793016797, 0.06954132159934888]}